Month,RAKE TO,COMMODITY,IMWB READING
5,"TSL,JSR",COAL NEWZEALAND,3373.54
5,"TSL,JSR",COAL SS IPC,3468.67
5,"TSL,JSR",COAL SS IPC,3341.74
5,"TSL,JSR",COAL SS IPC/NEWZEALAND/OAKY NORTH,3364.2
5,HALDIA,COAL-OAKY NORTH,3391.11
5,"TSL,JSR",COAL-OAKY NORTH/CURRAGH SS,3343.3
5,"TSL,JSR",LIMESTONE-CP,3337.25
5,"TSL,JSR",LIMESTONE-CP,3490.85
5,"TSL,JSR",COAL-OAKY NORTH,3455.65
5,HALDIA,COAL-OAKY NORTH/CURRAGH SS,3579.57
5,"TSL,JSR",COAL CURRAGH SS,3531.08
5,HALDIA,COAL OAKY NORTH,3187.87
5,"TSL,JSR",COAL-OAKY NORTH/CURRAGH SS,3581.43
5,"UML,DGPR",HARD COKING COAL,3574.91
5,HALDIA,COAL-OAKY NORTH,3630.31
5,HALDIA,COAL-OAKY NORTH,3677.18
5,"UML,DGPR",HARD COKING COAL,3505.56
6,"TSL,ADTP",COAL CURRAGH SS,3372.7
6,HALDIA,COAL-OAKY NORTH,3714.88
6,"TSL,JSR",COAL CURRAGH SS/COAL OAKY NORTH,3553.69
6,"UML,DGPR",HARD COKING COAL,3468.22
6,"UML,DGPR",HARD COKING COAL,3500.13
6,"TSL,JSR",LIMESTONE-CP/COAL CURRAGH SS,3488.95
6,WCMIL,HARD COKING COAL,3510.08
6,WCMIL,HARD COKING COAL,3408.96
6,TSL,CURRAGH SS,3484.06
6,TSL,CURRAGH SS/LIMESTONE-CP,3565.78
6,"TSL,JSR",CURRAGH SS/LIMESTONE-CP,3590.35
6,"TSL,JSR",CURRAGH SS/LIMESTONE-CP,3373.54
6,HALDIA,COAL-OAKY NORTH/CURRAGH PRIME,3571.64
6,"TSL,JSR",LIMESTONE-CP,3629.13
6,"TSL,JSR",CURRAGH SS/LIMESTONE-CP,3576.02
6,"TSL,JSR",CURRAGH SS,3364.41
6,"TSL,JSR",LIMESTONE-CP,3465.61
6,"TSL,HALDIA",CURRAGH  PRIME,3337.62
6,"TSL,JSR",LIMESTONE-CP OMAN/LIMESTONE-CP DUBAI,3505.77
6,"TSL,JSR",CURRAGH SS/LIMESTONE-CP DUBAI,3574.06
6,"TSL,JSR",CURRAGH SS/LIMESTONE-CP DUBAI,3695.42
6,"TSL,JSR",CURRAGH SS/LIMESTONE-CP DUBAI,3652.06
6,"TSL,JSR",CURRAGH SS,3477.86
6,"TSL,JSR",LIMESTONE-CP DUBAI,3674.55
6,"TSL,JSR",CURRAGH SS/LIMESTONE-CP DUBAI,3594.89
6,"TSL,JSR",LIMESTONE CP DUBAI/NEWZEALAND,3760.25
6,"TSL,JSR",LIMESTONE CP DUBAI/NEWZEALAND,3589.12
6,"TSL,JSR",LIMESTONE CP DUBAI/NEWZEALAND,3719.36
6,"TSL,JSR",CURRAGH SS/LIMESTONE-CP DUBAI,3392.42
7,"TSL,HALDIA",CURRAGH  PRIME/KESTRAL,3655.35
7,"TSL,JSR",CURRAGH SS/LIMESTONE-CP DUBAI,3418.62
7,"TSL,JSR",LIMESTONE-CP DUBAI,3548.51
7,"TSL,JSR",CURRAGH SS/LIMESTONE-CP DUBAI,3643.16
7,"UML,DGPR",HARD COKING COAL,3688.55
7,"TSL,JSR",LIMESTONE-CP OMAN,3603.6
7,"TSL,JSR",CURRAGH SS/LIMESTONE-CP DUBAI/OMAN,3711.14
7,"TSL,HALDIA",CURRAGH PRIME,3602.28
7,"TSL,JSR",LIMESTONE-CP OMAN,3585.56
7,"TSL,JSR",CURRAGH SS/SS NEWZEALAND,3724.31
7,"TSL,HALDIA",CURRAGH PRIME,3631.87
7,"UML,DGPR",HARD COKING COAL,3647.7
7,"TSL,JSR",SS NEWZEALAND/LIMESTONE CP-OMAN,3657.15
7,"TSL,HALDIA",CURRAGH PRIME,3486.6
7,WCMIL,HARD COKING COAL,3621.78
7,"TSL,HALDIA",CURRAGH PRIME,2893.46
7,"TSL,JSR",SS NEWZEALAND/LIMESTONE CP-OMAN,3611.49
7,"UML,DGPR",HARD COKING COAL,3756.9
7,"TSL,HALDIA",CURRAGH PRIME,3605.29
7,"UML,DGPR",HARD COKING COAL,3163.44
7,"TSL,HALDIA",CURRAGH PRIME,3502.08
7,"TSL,JSR",IPC SS/LIMESTONE CP-OMAN,3687.15
7,"TSL,HALDIA",CURRAGH PRIME/HAILCREEK,3682.21
7,"TSL,JSR", SS NEWZEALAND/LIMESTONE CP-OMAN,3667.39
7,RCL,NON COKING,3599.21
7,"TSL,JSR",NEWZEALAND/CP LIMESTONE,3408.93
7,"UML,DGPR",HARD COKING COAL,3690.87
7,"TSL,JSR",NEWZEALAND/CP LIMESTONE,2617.92
7,"TSL,HALDIA",HAILCREEK/KESTRAL,2557.36
7,RCL,NON COKING,3567.74
7,"TSL,JSR",NEWZEALAND/CP LIMESTONE,3705.48
7,SUPL,NON COKING,2484.42
7,"TSL,JSR",BLENDED PCI/CP LIMESTONE,3502.13
7,"TSL,HALDIA",HAILCREEK/KESTRAL,2772.32
7,"UML,DGPR",HARD COKING COAL,3538.26
7,"TSL,JSR",BLENDED PCI,3622.77
7,"TSL,JSR",BLENDED PCI/CP LIMESTONE,3620.06
7,"TSL,HALDIA",KESTRAL/HAILCREEK/O/NORTH,3488.48
7,"TSL,JSR",OAKY NORTH,3671.78
7,"UML,DGPR",HARD COKING COAL,3686.34
7,"TSL,JSR",OAKY NORTH/SP LIMESTONE,3403.32
7,SUPL,NON COKING,3670.36
7,RCL,NON COKING,3561.03
7,"TSL,JSR",OAKY CREEK/JELLINBAH PCI,3611.91
7,"UML,DGPR",HARD COKING COAL,3596.8
7,"TSL,HALDIA",OAKY NORTH,3612.89
7,SUPL,NON COKING,3722.91
7,"TSL,JSR",PCI/SP LIMESTONE,3623
7,"TSL,JSR",JELLINBAH PCI,3564.31
7,"TSL,JSR",JELLINBAH PCI/SP LIMESTONE,3609.95
7,"UML,DGPR",HARD COKING COAL,3668.73
7,RCL,NON COKING,3480.32
7,"TSL,JSR",CDHCC,3631.57
7,"TSL,JSR",JELLINBAH PCI/CP LIMESTONE,3288.53
7,"TSL,HALDIA",OAKY NORTH,3553.63
7,RCL,NON COKING,3650.31
7,"UML,DGPR",HARD COKING COAL,3512.34
7,"TSL,JSR",OAKY NORTH/CD HCC,3654.44
7,"TSL,JSR",JELLINBAH PCI/SP LIMESTONE,3670.89
7,WCMIL,HARD COKING COAL,3678.18
7,"TSL,JSR",CDHCC/OAKY NORTH,2733.9
7,"TSL,JSR",JELLINBAH PCI,3419.83
7,"TSL,HALDIA",OAKY NORTH,2603
8,"UML,DGPR",HARD COKING COAL,3211.4
8,"TSL,JSR",PCI/SP LIMESTONE,2725.27
8,"TSL,JSR",OAKY NORTH/CP OMAN,3598.51
8,WCMIL,HARD COKING COAL,3302.6
8,"TSL,HALDIA",HAILCREEK,3624.52
8,"UML,DGPR",HARD COKING COAL,3672.52
8,"TSL,JSR",JELLINBAH PCI,3638.12
8,"TSL,JSR",CDHCC/CP OMAN,3585.15
8,"TSL,HALDIA",HAILCREEK,3686.18
8,"TSL,JSR",CDHCC/JELLINBAH PCI,3648
8,"UML,DGPR",HARD COKING COAL,3749
8,SUPL,NON COKING,3587
8,"TSL,JSR",OAKY NORTH/JELLINBAH PCI,3706.58
8,"TSL,JSR",CDHCC/CP OMAN,3652.99
8,"TSL,HALDIA",OAKY NORTH/HAILCREEK,3677.27
8,"TSL,JSR",CD HCC,3555
8,"TSL,JSR",CD HCC/JELLINBAH PCI,3722.63
8,"UML,DGPR",HARD COKING COAL,3760
8,"TSL,JSR",BLENDED/JELLINBAH PCI/CP OMAN,3606
8,"TSL,JSR",BLENDED PCI,3632
8,"TSL,JSR",BLENDED PCI/OAKY NORTH,3366
8,"TSL,HALDIA",HAILCREEK/OAKY NORTH,3640
8,"UML,DGPR",HARD COKING COAL,3644.55
8,WCMIL,HARD COKING COAL,3323.94
8,"TSL,HALDIA",HAILCREEK,3401.2
8,"TSL,JSR",SS NEWZEALAND/OAKY NORTH,3601.14
8,RCL,NON COKING,3409.28
8,SUPL,NON COKING,3604.87
8,"TSL,HALDIA",HAILCREEK,3563.39
8,"UML,DGPR",HARD COKING COAL,3622.21
8,BEL,LAKE VERMONT HCC,3471.64
8,"TSL,JSR",CP OMAN LIMESTONE/OAKY NORTH,3445.31
8,"TSL,JSR",CD HCC/BLENDED PCI/SS NEWZEALAND,3668.3
8,SUPL,NON COKING,3672.02
8,"TSL,JSR",CD HCC/CP OMAN LIMESTONE,3540.03
8,VISA STEEL,NON COKING,3639.55
8,"TSL,JSR",CP OMAN/SP THAI/CD HCC,3690.51
8,"TSL,JSR",CD HCC/BLENDED PCI,3649.98
8,"TSL,HALDIA",HAILCREEK,3633.88
8,"TSL,JSR",BLENDED PCI/CD HCC,3649.84
8,BEL,LAKE VERMONT HCC,3101.03
8,"TSL,JSR",BLENDED PCI/CD HCC,2549.53
8,"TSL,JSR",CP OMAN LIMESTONE,3728.73
8,VISA STEEL,NON COKING,3405.03
8,"TSL,JSR",BLENDED PCI,3648.83
8,"TSL,JSR",CD HCC/SS NEWZEALAND,3519.09
8,"TSL,HALDIA",HAILCREEK,3761.65
8,"TSL,JSR",BLENDED PCI/SP LIMESTONE,3584.64
8,"TSL,JSR",BLENDED PCI/SP LIMESTONE,3314.19
8,"TSL,JSR",SP LIMESTONE,3738.72
8,"TSL,JSR",CD HCC/SS NEWZEALAND/BLENDED PCI,3171.31
8,ADHUNIK,NON COKING,3731.68
8,"TSL,JSR",CURRAGH SS,3649.86
8,"TSL,JSR",CURRAGH SS/SS NEWZEALAND/GOONYELLA,3651.68
8,"TSL,JSR",CURRAGH SS/CP OMAN,3522.15
8,BEL,LAKE VERMONT HCC,3707.18
8,"TSL,JSR",GOONYELLA/SS NEWZEALAND/CURRAGH SS,3589.1
8,"TSL,JSR",CP OMAN LIMESTONE,3427.51
8,ADHUNIK,NON COKING,3542.28
8,"TSL,JSR",GOONYELLA/CURRAGH SS,3525.26
8,"TSL,HALDIA",HAILCREEK,3579.16
8,ADHUNIK,NON COKING,3651.23
8,VISA STEEL,NON COKING,3612.88
8,"TSL,JSR",CP OMAN LIMESTONE,3659.83
8,"TSL,JSR",BLENDED PCI,3316.9
8,"TSL,JSR",CURRAGH SS/SS NEWZEALAND,3486.58
8,"TSL,HALDIA",GOONYELLA/HAILCREEK,3763.04
8,"TSL,JSR",CP OMAN LIMESTONE,3704.2
8,"TSL,JSR",BLENDED PCI,2947.03
8,"TSL,JSR",GOONYELLA/CURRAGH SS,3517.74
8,VISA STEEL,NON COKING,3699.48
8,"TSL,JSR",BLENDED PCI,3519.89
8,"TSL,JSR",CURRAGH SS/SS NEWZEALAND,3811.53
8,"TSL,JSR",CP OMAN LIMESTONE,3625.44
8,"TSL,HALDIA",GOONYELLA/HAILCREEK,3509.28
8,"TSL,JSR",BLENDED PCI,3447.72
8,"TSL,JSR",GOONYELLA/CURRAGH SS,3713.5
8,"UML,DGPR",OAKY NORTH,3437.46
8,"TSL,JSR",SP LIMESTONE/CP OMAN,3873.88
8,"TSL,JSR",BLENDED PCI,3398.71
8,"TSL,JSR",SS NEWZEALAND/CURRAGH SS,3590.14
8,"TSL,JSR",CP OMAN LIMESTONE,3628.23
8,"TSL,HALDIA",HAILCREEK/GOONYELLA,3721.95
8,"TSL,JSR",BLENDED PCI,3592.46
8,"TSL,JSR",CURRAGH SS/GOONYELLA,3660.68
8,"TSL,JSR",CP OMAN LIMESTONE,3672.7
8,SUPL,NON COKING,3684.98
8,"TSL,JSR",BLENDED PCI,3386.7
8,"TSL,JSR",CURRAGH SS/SS NEWZEALAND ,3428.19
8,"TSL,JSR",SP THAI/CP OMAN,3629.61
8,"TSL,HALDIA",HAILCREEK/GOONYELLA,3683.09
8,WCMIL,HARD COKING COAL,3536.42
8,"TSL,JSR",BLENDED PCI,3522.22
8,"TSL,JSR",GOONYELLA/SS NEWZEALAND,3856.39
8,"TSL,JSR",BLENDED PCI/SP LIMESTONE,3545.98
8,"TSL,JSR",BLENDED PCI,3639.45
8,"TSL,JSR",SS NEWZEALAND/GOONYELLA,3719.41
8,"TSL,HALDIA",HAILCREEK/GOONYELLA,3637.7
8,"UML,DGPR",HARD COKING COAL,3745.61
8,"TSL,JSR",GOONYELLA/SS NEWZEALAND,3645.47
8,"TSL,JSR",BLENDED PCI,3719.35
8,"TSL,JSR",BLENDED PCI/SP LIMESTONE,3599.18
8,VISA STEEL,NON COKING,3398.74
8,"TSL,JSR",SP LIMESTONE/CURRAGH SS,3280.08
8,ADHUNIK,NON COKING,3685.03
8,"UML,DGPR",HARD COKING COAL,3675.12
8,"TSL,HALDIA",GOONYELLA/HAILCREEK,3634.31
8,"TSL,JSR",CP LIMESTONE,3563.37
8,BEL,LAKE VERMONT HCC,3611.46
8,"TSL,JSR",BLENDED PCI,3509.87
8,"TSL,JSR",CURRAGH SS,3777.6
8,SUPL,NON COKING,3540.4
8,VISA STEEL,NON COKING,3762.78
8,"TSL,JSR",BLENDED PCI,3682.29
8,"TSL,JSR",CURRAGH SS,3664.05
8,"TSL,JSR",CP OMAN/SP THAI,3505.51
8,"TSL,HALDIA",GOONYELLA,3670.16
8,"UML,DGPR",HARD COKING COAL,3308.72
8,"TSL,JSR",CURRAGH SS,3306.88
8,"TSL,JSR",SP LIMESTONE/BLENDED PCI,3728.15
8,BEL,LAKE VERMONT HCC,3432.03
8,VISA STEEL,NON COKING,3498.01
8,"TSL,JSR",BLENDED PCI/CURRAGH SS,3713.64
8,"TSL,JSR",CP OMAN/SP LIMESTONE,3662.44
8,"TSL,HALDIA",GOONYELLA,3625.74
8,"UML,DGPR",HARD COKING COAL,3565.83
8,"TSL,JSR",BLENDED PCI/CURRAGH SS,3619.84
8,"TSL,JSR",SS NEWZEALAND/CP OMAN,3561.11
9,BEL,LAKE VERMONT HCC,3419.64
9,"TSL,JSR",JELLINBAH PCI/CURRAGH SS,3627.26
9,"TSL,JSR",SS NEWZEALAND/JELLINBAH PCI,3660.59
9,"UML,DGPR",HARD COKING COAL,3171.73
9,"TSL,JSR",CURRAGH SS/SP THAI/CP OMAN,3225.92
9,"TSL,JSR",JELLINBAH PCI/SS NEWZEALAND,3716
9,"TSL,JSR",SS NEWZEALAND/CURRAGH SS,3527.02
9,"TSL,HALDIA",HAILCREEK/GOONYELLA,3712.51
9,"TSL,JSR",JELLINBAH PCI/CURRAGH SS,3502.92
9,"UML,DGPR",HARD COKING COAL,3614.24
9,BEL,LAKE VERMONT HCC,3391.95
9,SUPL,NON COKING,3646.72
9,"TSL,JSR",CURRAGH SS/ JELLINBAH PCI,3666.78
9,"TSL,JSR",CURRAGH SS/ JELLINBAH PCI,3678.61
9,"UML,DGPR",HARD COKING COAL,3546.2
9,BEL,LAKE VERMONT HCC,3396.4
9,WELLMAN,HARD COKING COAL,3141.85
9,"TSL,JSR",JELLINBAH PCI/CP DUBAI,4033.5
9,VISA STEEL,NON COKING,3621.68
9,ADHUNIK,NON COKING,3750.17
9,VISA STEEL,NON COKING,3491.07
9,VISA STEEL,NON COKING,3523.73
9,"TSL,JSR",JELLINBAH PCI/CURRAGH SS,3563.07
9,"TSL,HALDIA",GOONYELLA,3528.35
9,ADHUNIK,NON COKING,3307.15
9,"TSL,JSR",JELLINBAH PCI/SS NEWZEALAND,3745.55
9,BEL,LAKE VERMONT HCC,3354.82
9,"TSL,JSR",CP DUBAI,3682.83
9,"TSL,JSR",JELLINBAH PCI,3834.51
9,"TSL,JSR",CP DUBAI,3484.24
9,BEL,LAKE VERMONT HCC,3756.12
9,"TSL,JSR",JELLINBAH PCI/SS NEWZEALAND,3691.56
9,"TSL,JSR",CP DUBAI,3650.16
9,BEL,LAKE VERMONT HCC,3644.42
9,"TSL,HALDIA",GOONYELLA,3679.08
9,"UML,SUKHINDA",HARD COKING COAL,3561.45
9,"TSL,JSR",JELLINBAH PCI,3571.64
9,"TSL,JSR",CP DUBAI,3641.34
9,BSL,STEAM NON COKING,3696.91
9,"TSL,JSR",CP DUBAI,3739.14
9,ADHUNIK,NON COKING,3623
9,BEL,LAKE VERMONT HCC,3685.29
9,"TSL,JSR",JELLINBAH PCI,3699.56
9,"TSL,JSR",CURRAGH SS,3601.08
9,BSL,STEAM NON COKING,3500.6
9,"TSL,JSR",CP DUBAI,3753.23
9,BEL,LAKE VERMONT HCC,3752.36
9,"UML,DGPR",HARD COKING COAL,3634.29
9,"TSL,HALDIA",GOONYELLA,3627.22
9,"TSL,JSR",CURRAGH SS/SS NEWZEALAND,3731.22
9,WELLMAN,HARD COKING COAL,3149.84
9,"TSL,HALDIA",HAILCREEK,3288.68
9,"TSL, JSR", CP DUBAI,3758.02
9,BEL,LAKE VERMONT HCC,3487.78
9,"UML,SUKHINDA",HARD COKING COAL,3745.71
9,"TSL, JSR",JELLINBAH PCI,3365.24
9,BSL,STEAM NON COKING,3581.64
9,"UML,DGPR",HARD COKING COAL,3624
9,"TSL,HALDIA",HAILCREEK,3554.27
9,RCL,NON COKING,3500.45
9,"TSL,JSR",CURRAGH SS/SS NEWZEALAND,3714.5
9,"TSL,HALDIA",HAILCREEK,3704.3
9,RCL,NON COKING,3411.13
9,"TSL,JSR",JELLINBAH PCI,3625.49
9,RCL,NON COKING,3473.88
9,"UML,SUKHINDA",HARD COKING COAL,3456.48
9,BEL,LAKE VERMONT HCC,3602.16
9,MSP Steel ltd.,STEAM NON COKING,3561.77
9,BSL,STEAM NON COKING,3760.31
9,"TSL,JSR", CP DUBAI,3629.43
9,"TSL,JSR",SS NEWZEALAND,3552.5
9,"TSL,HALDIA",HAILCREEK/GOONYELLA,3588.79
9,"UML,SUKHINDA",HARD COKING COAL,3621.42
9,"UML,DGPR",HARD COKING COAL,3625.13
9,"TSL,JSR",SS NEWZEALAND/CURRAGH SS/CP DUBAI,3645.56
9,"TSL,JSR",JELLINBAH PCI,3495.52
9,MSP STEEL LTD.,STEAM NON COKING,3501.61
9,VISA STEEL,NON COKING,3829.21
9,WELLMAN,HARD COKING COAL,3572.5
9,VISA STEEL,NON COKING,3629.77
9,"TSL,HALDIA",HAILCREEK,3661.04
9,"UML,SUKHINDA",HARD COKING COAL,1820.24
9,"TSL,JSR",CURRAGH SS/SS NEWZEALAND,3648.59
9,"TSL,JSR",JELLINBAH PCI,3607.96
9,"TSL,JSR",CURRAGH SS/SS NEWZEALAND,3456.23
9,"TSL,JSR",CURRAGH SS/SS NEWZEALAND,2344.58
9,"TSL,HALDIA",HAILCREEK,3561.46
9,"TSL,JSR",JELLINBAH PCI,3566.34
9,KYORI OREMIN LTD.,NON COKING,3329.22
10,VISA STEEL,NON COKING,3574.19
10,"TSL,JSR",CURRAGH SS/SS NEWZEALAND,2843.01
10,BSL,STEAM NON COKING,3679.72
10,"TSL,JSR",BLENDED PCI,3688.7
10,"TSL,JSR",CURRAGH SS/SS NEWZEALAND,3590.93
10,"TSL,JSR",CP DUBAI,3655.97
10,"TSL,HALDIA",HAILCREEK,3591.93
10,"TSL,JSR",BLENDED PCI,3702.46
10,"TSL,JSR",CURRAGH SS/SS NEWZEALAND,3618.41
10,"TSL,JSR",CP DUBAI,3698.63
10,"TSL,HALDIA",HAILCREEK,3574.42
10,BSL,STEAM NON COKING,3604.34
10,"UML,DGPR",HARD COKING COAL,3593.04
10,"TSL,JSR",BLENDED PCI,3607.8
10,"TSL,JSR",CP DUBAI,3298.14
10,"TSL,JSR",CURRAGH SS/SS NEWZEALAND,3659.93
10,"UML,SUKHINDA",HARD COKING COAL,3518.88
10,WELLMAN,HARD COKING COAL,3264.88
10,"TSL,JSR",BLENDED PCI,3463.12
10,"TSL,JSR",CP DUBAI,3403.66
10,"TSL,JSR",CURRAGH SS/SS NEWZEALAND,3717.08
10,SUPL,NON COKING,3585.57
10,"UML,SUKHINDA",HARD COKING COAL,3518.82
10,"TSL,JSR",BLENDED PCI,3283.59
10,"TSL,JSR",CP DUBAI,3700.04
10,BSL,STEAM NON COKING,3610.69
10,"TSL,JSR",CURRAGH SS,3636.84
10,VISA STEEL,NON COKING,3704.65
10,"TSL,JSR",BLENDED PCI,3358.57
10,"TSL,JSR",CURRAGH SS,3772.11
10,"TSL,JSR",CP DUBAI / BLENDED PCI,3586.93
10,BSL,STEAM NON COKING,3673.41
10,"UML,DGPR",HARD COKING COAL,3627.54
10,"TSL,JSR",BLENDED PCI,3655.88
10,"TSL,JSR",CURRAGH SS,3752.76
10,"TSL,JSR",CP DUBAI / BLENDED PCI,3755.22
10,"TSL,HALDIA",HAILCREEK / KESTRAL,3893.03
10,"TSL,JSR",CURRAGH SS,3589.91
10,WELLMAN,HARD COKING COAL,3413.2
10,VISA STEEL,NON COKING,3529.97
10,RCL,NON COKING,3419.99
10,RCL,NON COKING,3682.5
10,"TSL,JSR",CURRAGH SS,3632.88
10,SUPL,NON COKING,3240.97
10,RCL,NON COKING,3696.84
10,"TSL,JSR",CURRAGH SS,3599.32
10,USHA MARTIN LTD.,NON COKING,3426.95
10,"TSL,JSR",BLENDED PCI/JELLINBAH PCI,3607.75
10,KYORI OREMIN LTD.,NON COKING,3566.04
10,MSP Steel ltd.,STEAM NON COKING,3222.44
10,BSL,STEAM NON COKING,3507.49
10,VISA STEEL,NON COKING,3178.01
10,"TSL,JSR",BLENDED PCI/CURRAGH SS,3625.36
10,"TSL,JSR",BLENDED PCI/CURRAGH SS,3731.21
10,BSL,STEAM NON COKING,3682.44
10,"UML,DGPR",HARD COKING COAL,3669.81
10,"TSL,JSR",BLENDED PCI,3724.06
10,BSL,STEAM NON COKING,3574.98
10,KYORI OREMIN LTD.,NON COKING,3391.01
10,"TSL,JSR",BLENDED PCI/CURRAGH SS,3694.91
10,"TSL,HALDIA",HAILCREEK,3507.49
10,BSL,STEAM NON COKING,3421.06
10,"TSL,HALDIA",HAILCREEK,3355.38
10,"TSL,JSR",HAILCREEK,3216.96
10,BSL,STEAM NON COKING,3714.82
10,"TSL,HALDIA",HAILCREEK,3553.15
10,VISA STEEL,STEAM NON COKING,3602.13
10,SUPL,NON COKING,3545.96
10,"TSL,HALDIA",HAILCREEK,3557.8
10,"TSL,JSR",Lake VERMONT HCC/CD PCI,3266.04
10,"TSL,HALDIA",HAIL CREEK / OKEY NORTH,3549.29
10,BSL,STEAM NON COKING,3746.42
10,ADHUNIK,NON COKING,3424.72
10,"TSL,HALDIA",HAIL CREEK ,3439.83
10,VISA STEEL,STEAM NON COKING,3413.34
10,"TSL,JSR",HAILCREEK/OKEY NORTH,3722.28
10,"TSL,HALDIA",HAILCREEK/OKEY NORTH,3437.08
10,BSL,STEAM NON COKING,3697.57
10,"TSL,HALDIA",HAILCREEK/OKEY NORTH,3511.36
10,"TSL,JSR",CD PCI,3534.02
10,SUPL,NON COKING,3633.93
10,"TSL,HALDIA",HAILCREEK/KESTRAL,4170.84
10,"TSL,JSR",CD PCI,4230.79
10,"TSL,JSR",CD PCI,3575.29
10,"TSL,HALDIA",OKEY NORTH,3499.8
10,SUPL,STEAM NON COKING,3726.95
10,VISA STEEL,STEAM NON COKING,3400.4
10,RCL,NON COKING,3709.54
10,"UML,DGPR",HARD COKING COAL,3658.57
10,"UML,SUKHINDA",HARD COKING COAL,3486.07
10,"TSL,JSR",CD PCI,3555.62
10,"TSL,HALDIA",HAILCREEK/OKEY NORTH,3696.41
10,RCL,NON COKING,3353.74
10,KYORI OREMIN LTD.,NON COKING,3552.67
10,KYORI OREMIN LTD.,NON COKING,3493.22
10,BSL,STEAM NON COKING,3655.73
10,"TSL,JSR",HAILCREEK,3317.94
10,"TSL,HALDIA",HAILCREEK/OKEY NORTH,3194.04
10,"UML,SUKHINDA",HARD COKING COAL,3323.89
10,RCL,NON COKING,3623.09
10,KYORI OREMIN LTD.,NON COKING,3662.62
10,"TSL,JSR",CD PCI,3710.62
10,SUPL,NON COKING,3793.81
10,"TSL,HALDIA",HAILCREEK/OKEY NORTH,3650.75
10,"TSL,JSR",ANTHRACITE,3529.78
10,"TSL,JSR",CP OMAN,3679.82
10,BEL,OAKY CREEK,3543.14
10,"TSL,JSR",LAKE VERMONT HCC/SS NEWZEALAND,3642.39
10,"TSL,HALDIA",HAILCREEK/OKEY NORTH,3520.3
10,"TSL,JSR",CP OMAN,3427.13
10,BEL,OAKY CREEK,3376.49
10,"UML,SUKHINDA",HARD COKING COAL,3712.26
10,"TSL,JSR",CD PCI,3613.32
10,MSP Steel ltd.,STEAM NON COKING,3705.45
10,SUPL,NON COKING,3695.34
10,"TSL,JSR",LAKE VERMONT HCC,3328.96
10,"TSL,JSR",CD PCI,3388.71
10,"TSL,JSR",ANTHRACITE,3627.18
10,"TSL,JSR",CP OMAN,3604.32
10,"UML,DGPR",HARD COKING COAL,3765.68
10,SUPL,NON COKING,3503.64
11,"TSL,HALDIA",HAILCREEK/KESTRAL,3403.33
11,"TSL,JSR",LAKE VERMONT HCC,3490.05
11,VISA STEEL,STEAM NON COKING,3676.3
11,"TSL,JSR",CD PCI,3771.53
11,"TSL,JSR",ANTHRACITE,3761.48
11,"TSL,JSR",CP OMAN,3339.85
11,"TSL,JSR",CP OMAN,3601.25
11,GAGAN FERRO TECH LTD.,NON COKING,3765.71
11,VISA STEEL,STEAM NON COKING,3718.43
11,SUPL,NON COKING,3696.81
11,SUPL,NON COKING,3518.54
11,"TSL,HALDIA",OAKY NORTH/KESTRAL,3537.74
11,BEL,OAKY CREEK,3842.56
11,"TSL,JSR",HAILCREEK,3642.28
11,GAGAN FERRO TECH LTD.,NON COKING,3611.54
11,"TSL,JSR",CD PCI/BLENDED PCI,3640.79
11,"TSL,JSR",OAKY NORTH/CP OMAN,3545.21
11,VISA STEEL,NON COKING,3484.71
11,WCMIL,HARD COKING COAL,3278.98
11,"TSL,JSR",BLENDED PCI,3566.14
11,"TSL,HALDIA",OAKY NORTH/HAILCREEK,3821.61
11,WCMIL,HARD COKING COAL,3838.36
11,"TSL,JSR",CP OMAN,3859.96
11,"TSL,JSR",BLENDED PCI,3395.26
11,"TSL,JSR",CP OMAN/OAKY NORTH,3805.86
11,JAYPEE REWA CEMENTS LTD(CONCAST),NON COKING,3734.24
11,"TSL,JSR",LAKE VERMONT HCC,3341.08
11,"UML,DGPR",HARD COKING COAL,3668.99
11,"TSL,JSR",BLENDED PCI,3058.62
11,"TSL,JSR",OAKY NORTH,3917.9
11,WELLMAN,HARD COKING COAL,3779.54
11,"UML,SUKHINDA",HARD COKING COAL,3749.43
11,"TSL,JSR",ANTHRACITE/CP OMAN,3520.04
11,"TSL,JSR",BLENDED PCI,3670.99
11,VEDANT,NON COKING,3632.96
11,BEL,OAKY CREEK,3461.46
11,"TSL,HALDIA",KESTRAL/HAILCREEK/O/NORTH,3422.81
11,"UML,DGPR",HARD COKING COAL,3846.13
11,"TSL,HALDIA",CURRAGH PRIME/OAKY NORTH,3488.45
11,VEDANT,NON COKING,3767.21
11,"TSL,JSR",OAKY NORTH/SS NEWZEALAND,3873.9
11,BEL,OAKY CREEK,3685.35
11,"TSL,JSR",BLENDED PCI,3671.62
11,"TSL,JSR",LAKE VERMONT/SS NEWZEALAND,3505.94
11,GAGAN FERRO TECH LTD.,NON COKING,3578.98
11,"TSL,JSR",CP OMAN/BLENDED PCI,3731.09
11,"TSL,JSR",OAKY NORTH/SS NEWZEALAND,3604.46
11,GAGAN FERRO TECH LTD.,NON COKING,3565.04
11,"UML,DGPR",HARD COKING COAL,3675.26
11,VEDANT,NON COKING,3454.3
11,SUPL,NON COKING,3700.45
11,VEDANT,NON COKING,3536.26
11,VISA STEEL,NON COKING,3499.6
11,"TSL,JSR",BLENDED PCI,3730.36
11,"TSL,JSR",SS NEWZEALAND/LAKE VERMONT,3492.9
11,"UML,SUKHINDA",HARD COKING COAL,3429.15
11,"TSL,JSR",BLENDED PCI,3656.52
11,"TSL,JSR",SS NEWZEALAND/LAKE VERMONT,3653.14
11,VEDANT,NON COKING,3372.27
11,"TSL,JSR",LAKE VERMONT/BLENDED PCI/CD PCI,3840.34
11,VEDANT,NON COKING,3405.71
11,"TSL,JSR",ANTHRACITE/CP OMAN,2904.66
11,"TSL,JSR",CURRAGH SS/SS NEWZEALAND,3357.41
11,VEDANT,NON COKING,3500.29
11,"TSL,JSR",CURRAGH SS/CD PCI,3553.63
11,"TSL,JSR",CP OMAN/CD PCI,3439.62
11,"TSL,JSR",LAKE VERMONT/CD PCI,3540.07
11,"TSL,JSR",CP OMAN/CURRAGH SS,3408.74
11,"TSL,JSR",SS NEWZEALAND/CD PCI,3683.32
11,"TSL,JSR",CP OMAN/CURRAGH SS,3368.74
11,"UML,DGPR",HARD COKING COAL,3529.21
11,"TSL,JSR",CURRAGH SS/SS NEWZEALAND,3600.87
11,VEDANT,NON COKING,3566.89
11,"TSL,JSR",CURRAGH SS / CD PCI,3554.67
11,"TSL,JSR",LAKE VERMONT/ CP OMAN,3397.83
11,"TSL,JSR",ANTHRACITE/CURRAGH SS,3393.84
11,VEDANT,NON COKING,3855.06
11,CONCAST INDIA LTD.,STEAM NON COKING,3488.88
11,"TSL,JSR",CP OMAN,3416.36
11,"TSL,JSR",SS NEWZEALAND/CURRAGH SS,3313.62
11,BSL,STEAM NON COKING,3468.25
11,VISA STEEL,NON COKING,3519.17
11,"TSL,JSR",CURRAGH SS,3571.98
11,VEDANT,NON COKING,3231.49
11,"TSL,JSR",LAKE VERMONT,3663.01
11,BSL,STEAM NON COKING,3421.88
11,"TSL,JSR",CP OMAN/ CURRAGH SS,3524.78
11,CONCAST INDIA LTD.,STEAM NON COKING,3434.43
11,VEDANT ALUMINIUM,NON COKING,3645.92
11,"TSL,JSR",SS NEWZEALAND/ANTHRACITE,3711.22
11,JAY BALAJI INDIA LTD.,STEAM NON COKING,3678.4
11,BSL,STEAM NON COKING,3508.83
11,"TSL,JSR",CP OMAN/CURRAGH SS,3886.53
11,"UML,DGPR",HARD COKING COAL,3604.93
11,VEDANT ALUMINIUM,NON COKING,3428.42
11,"TSL,JSR",LAKE VERMONT/CP OMAN,3521.58
11,VEDANT ALUMINIUM,NON COKING,3507.06
11,CONCAST INDIA LTD.,STEAM NON COKING,3325.76
11,BSL,STEAM NON COKING,3569.45
11,"TSL,HALDIA",CD HCC,3387.39
11,VEDANT ALUMINIUM,NON COKING,3473.92
11,"TSL,JSR",LAKE VERMONT/CURRAGH SS,3651.72
11,VEDANT ALUMINIUM,NON COKING,3910.74
11,"TSL,JSR",CURRAGH SS/SS NEWZEALAND,3375.67
11,"UML,DGPR",HARD COKING COAL,3416.54
11,BSL,STEAM NON COKING,3802.7
11,"TSL,JSR",CD PCI/BLENDED PCI/CURRAGH SS,3418.83
11,"TSL,HALDIA",CURRAGH PRIME,3385.8
11,"TSL,JSR",LAKE VERMONT/CD HCC,3668.94
11,"TSL,JSR",CP OMAN/CURRAGH SS,3423.62
11,BSL,STEAM NON COKING,2888.12
11,"TSL,HALDIA",CURRAGH PRIME,3525.57
11,"TSL,JSR",SS NEWZEALAND/CURRAGH SS,3747
11,BEL,OKEY CREEK,3430.2
11,"TSL,JSR",CURRAGH SS/CP OMAN,3665.85
11,"TSL,HALDIA",CD HCC,3558.09
11,BSL,STEAM NON COKING,3702.62
11,"TSL,JSR",BLENDED PCI/CURRAGH SS,3316.26
11,"TSL,HALDIA",CURRAGH PRIME/CURRAGH SS,3357.87
11,PMSB,STEAM NON COKING,3674.03
11,"TSL,JSR",CURRAGH SS / SS NEWZEALAND,3338.26
11,CESC POWER LTD.,NON COKING,3462.92
11,KND,NON COKING,3649.21
11,CESC POWER LTD.,NON COKING,3478.16
11,"TSL,HALDIA",ILLAWARA,3627.36
11,"TSL,JSR",ILLAWARA,3526.01
11,"TSL,JSR",CP OMAN/CURRAGH SS,3578.44
11,CONCAST INDIA LTD.,NON COKING,3593.45
11,"TSL,HALDIA",CURRAGH SS,3478.43
11,"TSL,JSR",CP OMAN/ILLAWARA,3704.36
11,UML,STEAM NON COKING,3271.05
11,BSL,STEAM NON COKING,3757.78
11,"TSL,JSR",SS NEWZEALAND/BLENDED PCI,3442.69
11,CONCAST INDIA LTD., NON COKING,2781.42
11,CONCAST INDIA LTD., NON COKING,3578.06
11,"TSL,JSR",CURRAGH SS/CP OMAN,3322.2
11,"UML, SUKHINDA",HARD COKING COAL,3246.53
11,"TSL,JSR",CP OMAN,3172.1
11,"TSL,HALDIA",HAIL CREEK,3321.03
11,"TSL,JSR",JELLINBAH PCI/ILLAWARA,3710.71
12,"TSL,HALDIA",ILLAWARA,3787.63
12,"TSL,JSR",CURRAGH SS/CD HCC,3662.54
12,BSL,STEAM NON COKING,3689.53
12,KYORI OREMIN LTD.,STEAM NON COKING,3710.73
12,"TSL,HALDIA",CURRAGH SS,3723.36
12,"TSL,JSR",SS NEWZEALAND/BLENDED PCI,3368.33
12,"TSL,JSR",CP OMAN/ILLAWARA,3453.61
12,"UML,SUKHINDA",HARD COKING COAL,3488.98
12,"TSL,HALDIA",CURRAGH SS/ HAIL CREEK,3524.62
12,"TSL,JSR",CP OMAN/ CURRAGH SS,3139.77
12,"TSL,HALDIA",CURRAGH SS/HAIL CREEK,3502.43
12,"TSL,JSR",JELLINBAH PCI/SS NEWZEALAND,3576.32
12,BSL,STEAM NON COKING,3746.64
12,VEDANT ALUMINIUM,NON COKING,3662.24
12,BSL,STEAM NON COKING,3568.4
12,KYORI OREMIN LTD.,STEAM NON COKING,3407.62
12,"TSL,JSR",JELLINBAH PCI/ILLAWARA,3456.97
12,"TSL,HALDIA",ILLAWARA/CURRAGH SS,3566.11
12,BSL,STEAM NON COKING,3347.1
12,"UML,SUKHINDA",HARD COKING COAL,3607.18
12,KYORI OREMIN LTD.,STEAM NON COKING,3516.6
12,HIND ENERGY,NON COKING,3738.56
12,"TSL,JSR",CURRAGH SS/CP OMAN,3638.19
12,BSL,STEAM NON COKING,3591.77
12,"TSL,HALDIA",CURRAGH SS/HAIL CREEK,3723.25
12,"TSL,JSR",CP OMAN/CURRAGH SS,3626.41
12,"TSL,JSR",JELLINBAH PCI/BLENDED PCI,3570.92
12,"UML,DGPR",HARD COKING COAL,3385.54
12,"TSL,HALDIA",CURRAGH SS/HAIL CREEK,1243.96
12,"TSL,JSR",SS NEWZEALAND/ILLAWARA,3605.3
12,"TSL,JSR",CURRAGH SS/BLENDED PCI,3599.35
12,"TSL,HALDIA",CURRAGH SS/HAIL CREEK,3393.54
12,"TSL,JSR",CURRAGH SS/BLENDED PCI,3733.96
12,"UML,SUKHINDA",HARD COKING COAL,3658.58
12,"TSL,HALDIA",CURRAGH SS/ILLAWARA,3589.24
12,BSL,STEAM NON COKING,3598.97
12,"TSL,JSR",SS NEWZEALAND/CP OMAN,3351.72
12,UML,STEAM NON COKING,3532.21
12,"TSL,JSR",CURRAGH SS,3354.11
12,BEL,HARD COKING COAL,3193.62
12,"TSL,JSR",BLENDED PCI/CURRAGH SS,3586.53
12,"UML,SUKHINDA",HARD COKING COAL,3471.74
12,BEL,HARD COKING COAL,3569.79
12,BSL,STEAM NON COKING,3439.46
12,"TSL,HALDIA",CURRAGH SS/ILLAWARA,3247.63
12,HIND ENERGY,NON COKING,3491.34
12,"TSL,JSR",CURRAGH SS/CP OMAN,3642.79
12,"UML,DGPR",HARD COKING COAL,3433.51
12,"TSL,HALDIA",CURRAGH SS/ILLAWARA,3155.74
12,"TSL,JSR",ILLAWARA/SS NEWZEALAND,3673.37
12,"TSL,HALDIA",ILLAWARA/CURRAGH SS,3366.37
12,WELLMAN,HARD COKING COAL,3534.38
12,"TSL,JSR",CURRAGH SS/BLENDED PCI,3700.53
12,"TSL,JSR",CP OMAN,3631.06
12,BEL,HARD COKING COAL,3541.99
12,"TSL,JSR",CURRAGH SS,3198.36
12,BEL,HARD COKING COAL,3604.27
12,"TSL,HALDIA",ILLAWARA/CURRAGH SS,3586.27
12,TATA METALLIKS ,OKEY NORTH,3500.95
12,"TSL,JSR",ILLAWARA/CURRAGH SS,3656.92
12,BEL,HARD COKING COAL,2781.48
12,"TSL,JSR",CD HCC/SS NEWZEALAND,3730.12
12,"TSL,JSR",JELLINBAH PCI/CURRAGH SS,3737.09
12,HIND ENERGY,STEAM NON COKING,3731.29
12,"TSL,HALDIA",CURRAGH SS/HAIL CREEK,3673.46
12,"TSL,JSR",SS NEWZEALAND/CD HCC,3633.74
12,"TSL,JSR",SS NEWZEALAND/CP OMAN,3778.1
12,TATA METALLIKS ,OKEY NORTH,3309.33
12,"UML,SUKHINDA",HARD COKING COAL,3851.14
12,"TSL,HALDIA",ILLAWARA,2860.62
12,"TSL,JSR",SS NEWZEALAND/JELLINBAH PCI,3726.14
12,"TSL,JSR",SS NEWZEALAND/JELLINBAH PCI,3665.08
12,"TSL,HALDIA",ILLAWARA/CURRAGH SS,3638.92
12,HIND ENERGY,STEAM NON COKING,3380.95
12,"UML,DGPR",HARD COKING COAL,3519.74
12,UML,NON COKING,3697.54
12,"TSL,JSR",CD HCC/CURRAGH SS,3297.06
12,JIPL,NON COKING,3510.99
12,"TSL,JSR",CURRAGH SS/HAIL CREEK,2747.82
12,KOL,STEAM NON COKING,3543.16
12,KOL,STEAM NON COKING,3396.96
12,"TSL,HALDIA",ILLAWARA/CURRAGH SS,3751.22
12,BEL,HARD COKING COAL,3784.63
12,KOL,STEAM NON COKING,3786.64
12,HIND ENERGY,STEAM NON COKING,3734.33
12,"TSL,JSR",JELLINBAH PCI/CD HCC,3566.84
12,"TSL,JSR",SS NEWZEALAND/CURRAGH SS,3275.5
12,"UML,SUKHINDA",HARD COKING COAL,3781.32
12,"TSL,HALDIA",ILLAWARA/HAILCREEK,3461.94
12,BEL,HARD COKING COAL,3600.93
12,"TSL,JSR",CP OMAN/CURRAGH SS,3500.65
12,"TSL,JSR",JELLINBAH PCI/CD HCC,3329.27
12,HIND ENERGY,STEAM NON COKING,3567.88
12,BSL,STEAM NON COKING,3761.06
12,"TSL,HALDIA",HAIL CREEK/OKEY NORTH,3465.44
12,WCMIL,HARD COKING COAL,3385.5
12,"TSL,JSR",CURRAGH SS/JELLINBAH PCI,3860.29
12,"TSL,JSR",CURRAGH SS/ILLAWARA,3710.41
12,RCL,NON COKING,3622.49
12,HIND ENERGY,STEAM NON COKING,3465.44
12,KOL,STEAM NON COKING,3502.08
12,JAL,NON COKING,3593.83
12,"TSL,HALDIA",HAIL CREEK/OKEY NORTH,3655.2
12,"TSL,JSR",CURRAGH SS,3645.68
12,JAL,STEAM NON COKING,3565.94
12,"TSL,HALDIA",OKEY NORTH,3285.16
12,"TSL,JSR",CP OMAN/CURRAGH SS,3626.3
12,"TSL,JSR",CURRAGH SS,3522.87
12,"TSL,JSR",CURRAGH SS,3813.87
12,"TSL,HALDIA",HAIL CREEK/OKEY NORTH,3662.7
12,"UML,SUKHINDA",HARD COKING COAL,3693.73
12,"UML,DGPR",HARD COKING COAL,3277.09
12,"TSL,JSR",CP OMAN,3399.75
12,JAL,STEAM NON COKING,1845
12,"TSL,JSR",ILLAWARA/CD HCC,3571
12,"TSL,JSR",CURRAGH SS,3415.42
12,"TSL,HALDIA",HAIL CREEK/OKEY NORTH,3619
12,"TSL,HALDIA",HAIL CREEK/OKEY NORTH,3869
12,"TSL,JSR",ILLAWARA/ANTHRACITE,3704
12,JAL,STEAM NON COKING,3584
12,JAL,STEAM NON COKING,3613
12,WELLMAN,HARD COKING COAL,3152
12,"TSL,JSR",CURRAGH SS/CP OMAN,3633.49
12,"TSL,JSR",CURRAGH SS,2685.38
12,"UML,DGPR",HARD COKING COAL,3607.86
1,"TSL,JSR",CD HCC/ILLAWARA,3508.7
1,"UML,SUKHINDA",HARD COKING COAL,3764.55
1,KOL,STEAM NON COKING,3625.94
1,"TSL,JSR",CP OMAN,3828
1,"TSL,JSR",CURRAGH SS,3235
1,HIND ENERGY,STEAM NON COKING,3486
1,"TSL,JSR",CURRAGH SS,3688
1,"TSL,HALDIA",OKEY NORTH/HAIL CREEK,3661
1,UML,SP,2769
1,BSL,STEAM NON COKING,3641.5
1,TATA METALLIKS ,OKEY NORTH,3661
1,BEL,HARD COKING COAL,3752
1,"TSL,HALDIA",OKEY NORTH/HAIL CREEK,3674.19
1,"TSL,JSR",CURRAGH SS/BLENDED PCI,3477.15
1,"TSL,JSR",OKEY NORTH/BLENDED PCI,3673.53
1,BSL,STEAM NON COKING,3624
1,"TSL,JSR",CURRAGH SS/BLENDED PCI,3901
1,BEL,HARD COKING COAL,3627
1,"TSL,HALDIA",HAIL CREEK/OKEY NORTH,3849
1,"TSL,JSR",BLENDED PCI,3342
1,UML,STEAM NON COKING,3583
1,"TSL,JSR",BLENDED PCI/ILLAWARA,3393
1,"UML,SUKHINDA",STEAM NON COKING,3741
1,"TSL,HALDIA",HAIL CREEK,3807
1,KOL,STEAM NON COKING,3692
1,"TSL,JSR",BLENDED PCI/ILLAWARA,3652
1,JAL,STEAM NON COKING,3349
1,JAL,STEAM NON COKING,3817
1,BEL,HARD COKING COAL,3589
1,JAL,STEAM NON COKING,3671
1,"TSL,JSR",BLENDED PCI,3637
1,"TSL,HALDIA",HAIL CREEK,3534
1,UML,CP OMAN,3780
1,"TSL,HALDIA",HAIL CREEK,3585
1,WCMIL,HARD COKING COAL,3608
1,"TSL,JSR",BLENDED PCI,3831
1,"UML,SUKHINDA",GYP COKING COAL,3525
1,KOL,STEAM NON COKING,3831
1,"TSL,JSR",BLENDED PCI,3608
1,JAL,STEAM NON COKING,3614
1,"TSL,HALDIA",OKEY NORTH/HAIL CREEK,3288
1,UML,NON COKING,3809.28
1,"TSL,JSR",BLENDED PCI,3799.49
1,"TSL,JSR",CP OMAN,3652
1,RCL,NON COKING,3559
1,"UML,SUKHINDA",GYP COKING COAL,3457
1,"TSL,JSR",CURRAGH SS/ANTHRACITE,3875
1,JAL,NON COKING,3683
1,HIND ENERGY,STEAM NON COKING,3886
1,"TSL,JSR",BLENDED PCI,3729
1,JAL,NON COKING,3547
1,"TSL,JSR",CP OMAN/MILLENIUM HCC,3540
1,VISA STEEL,NON COKING,3619
1,UML,NON COKING,3693
1,"TSL,JSR",BLENDED PCI,3580
1,"TSL,JSR",MILLENIUM HCC,3395
1,"UML,DGPR",GYP COKING COAL,3616
1,"TSL,HALDIA",HAIL CREEK,2719
1,HIND ENERGY,STEAM NON COKING,3713
1,RCL,NON COKING,3963
1,"TSL,JSR",MILLENIUM HCC,3444
1,"TSL,HALDIA",OAKY NORTH/HAILCREEK,3771
1,UML,NON COKING,3487
1,"TSL,JSR",BLENDED PCI,3603
1,VISA STEEL,NON COKING,3913
1,UML,SP LIMESTONE,3551
1,KOL,STEAM NON COKING,3522
1,BEL,HARD COKING COAL(IPVC),3482
1,"TSL,JSR",MILLENIUM HCC,3460
1,BEL,HARD COKING COAL(OCJC),3575
1,"TSL,JSR",OAKY NORTH/KESTRAL,3692
1,RCL,NON COKING,3516
1,SUPL,NON COKING,3830
1,UML,NON COKING,3588.24
1,HEL,NON COKING,3694.72
1,"TSL,JSR",BLENDED PCI,3723.48
1,JAL,NON COKING,3784.53
1,UML,SP LIMESTONE,3559.47
1,HIND ENERGY,STEAM NON COKING,3674.47
1,"TSL,JSR",CP LIMESTONE,3617.62
1,"TSL,JSR",ANTHRACITE/BLENDED PCI,3854.24
1,HIND ENERGY,STEAM NON COKING,3696.3
1,"TSL,JSR",MILLENIUM HCC,3297.6
1,"TSL,HALDIA",OAKY NORTH/KESTRAL,3602.07
1,JAL,NON COKING,3694.42
1,BEL,HARD COKING COAL(OCJC),3931.32
1,KOL,KOL / NC COAL,3873.12
1,"TSL,JSR",CP OMAN,3577.8
1,"TSL,JSR",BLENDED PCI/JELLINBAH PCI,3494.64
1,BEL,HARD COKING COAL(OCJC),3691.65
1,KOL,NON COKING,3919.68
1,"TSL,JSR",MELLINIUM HCC,3555
1,UML,NON COKING,3703.61
1,"TSL,JSR",ILLAWARA/ANTHRACITE,3838.84
1,JAL,STEAM NON COKING,3779.32
1,HEL,STEAM NON COKING,3712.74
1,RCL,NON COKING,3600.42
1,JAL,STEAM NON COKING,3854.61
1,CONCAST INDIA LTD.,NON COKING,3775.4
1,"TSL,JSR",MILLENIUM HCC/CP OMAN,3653.18
1,BEL,HARD COKING COAL,3632.91
1,BEL,HARD COKING COAL,3526.61
1,"TSL,HALDIA",OKEY NORTH,3717.78
1,BEL,HARD COKING COAL,1661.08
1,SUPL,NON COKING,3686.86
1,SUPL,NON COKING,3677.5
1,"TSL,HALDIA",OKEY NORTH,2815.03
1,CONCAST INDIA LTD.,NON COKING,3517.7
1,"TSL,JSR",CP OMAN,3623.88
1,SUPL,NON COKING,3712.07
1,CONCAST INDIA LTD.,NON COKING,3566.54
1,SUPL,NON COKING,3631.85
1,SUPL,NON COKING,3881.11
1,UML,NON COKING,3881.11
1,"TSL,JSR",CP OMAN,2900.94
1,JAL,STEAM NON COKING,3480.15
1,BEL,HARD COKING COAL IPCC / OCJC,3633.36
1,"TSL,JSR",MILLENIUM HCC,3000.52
1,VISA STEEL,HARD COKING COAL (OCJC),3780.18
1,VEDANT ALUMINIUM,STEAM NON COKING,3610.03
1,SUPL,NON COKING,3760.7
1,"TSL,JSR",MILLENIUM HCC,3576.82
1,CONCAST INDIA LTD.,NON COKING,3540.07
1,VEDANT ALUMINIUM,STEAM NON COKING,3781.8
1,"TSL,JSR",MILLENIUM HCC,3856.68
1,WELLMAN,HARD COKING COAL,3786.69
1,"TSL,JSR",MILLENIUM HCC,3893.46
1,BEL,HARD COKING COAL (IPCC),3451.69
1,SUPL,NON COKING,3636.19
1,"TSL,JSR",MILLENIUM HCC,3614.65
2,"TSL,JSR",MILLENIUM HCC/OKEY NORTH,3765.05
2,VAL,STEAM NON COKING,3529.75
2,"TSL,HALDIA",OKEY NORTH,3287.53
2,JAL,STEAM NON COKING,3658.2
2,SUPL,NON COKING,3460.29
2,VEDANT ALUMINIUM,STEAM NON COKING,3838.54
2,BEL,HARD COKING COAL (IPCC),3285.97
2,JAL,STEAM NON COKING,3308.63
2,HEL,STEAM NON COKING,3358.56
2,KOL,STEAM NON COKING,3584.56
2,"TSL,JSR",MILLENIUM HCC,3640.76
2,TATA METALLIKS ,OKEY NORTH,3723.82
2,"TSL,HALDIA",OKEY NORTH,3682.12
2,BEL,HARD COKING COAL (IPCC),3664.6
2,"TSL,JSR",MILLENIUM HCC,3723.82
2,"TSL,JSR",OKEY NORTH/MILLENIUM HCC,3676
2,"TSL,JSR",SS NEWZEALAND/OKEY NORTH,3523.06
2,"TSL,JSR",MICHELL PCI,3624.11
2,RCL,NON COKING,3798.21
2,JAL,STEAM NON COKING,3953.33
2,"TSL,JSR",CP OMAN,3403.81
2,"TSL,JSR",ANTHRACITE/OKEY NORTH,3535.98
2,JAL,STEAM NON COKING,3604.37
2,"TSL,JSR",CP OMAN/OKEY NORTH,3438.44
2,JAL,STEAM NON COKING,3418.66
2,"TSL,JSR",CP OMAN,3606.29
2,UML,SP LIMESTONE,3607.28
2,"TSL,HALDIA",TECK COAL,3769.19
2,VAL,STEAM NON COKING,3737.39
2,BSL,COKING COAL,3777.28
2,"TSL,JSR",CURRAGH SS,3744.62
2,"TSL,JSR",CURRAGH SS,3727.19
2,JAL,STEAM NON COKING,3784.87
2,SUPL,NON COKING,3550.58
2,"TSL,HALDIA",TECK COAL,3701.91
2,BEL,HARD COKING COAL (OCJC),2634.97
2,"TSL,JSR",CURRAGH SS,3801.38
2,VAL,STEAM NON COKING,3838.29
2,"TSL,JSR",CURRAGH SS,3828.64
2,BEL,HARD COKING COAL (OCJC/IPCC),3758.65
2,"TSL,JSR",CP OMAN,2508.03
2,RCL,NON COKING,3814.33
2,KOL,STEAM NON COKING,3565.28
2,"TSL,JSR",CURRAGH SS,3556.26
2,"TSL,HALDIA",TECK COAL,3596.33
2,BEL,HARD COKING COAL (IPCC),3638.72
2,JAL,STEAM NON COKING,3652.4
2,VISA STEEL,NON COKING,2961.26
2,"TSL,JSR",CURRAGH SS,3787.14
2,"TSL,HALDIA",TECK COAL,3446.04
2,"TSL,JSR",CURRAGH SS/BLENDED PCI,3520.36
2,VISA STEEL,NON COKING,3685.23
2,WELLMAN,HARD COKING COAL,3614.47
2,VEDANT ALUMINIUM,STEAM NON COKING,3783.82
2,"TSL,JSR",CURRAGH SS,3577.11
2,BEL,HARD COKING COAL(IPCC),2531.13
2,"TSL,JSR",CURRAGH SS,3882.54
2,JAL,STEAM NON COKING,3482.6
2,"TSL,HALDIA",TECK COAL,3422.92
2,"TSL,JSR",CURRAGH SS,3657.48
2,BSL,COKING COAL,3790.8
2,"TSL,JSR",BLENDED PCI,3347.96
2,UML,SP LIMESTONE,3556.12
2,"TSL,JSR",CURRAGH SS,3771.93
2,VEDANT ALUMINIUM,STEAM NON COKING,3670.65
2,JAL,STEAM NON COKING,3798.09
2,"TSL,HALDIA",TECK COAL,3363.37
2,SUPL,NON COKING,3595.59
2,"TSL,JSR",CURRAGH SS,3410.28
2,RCL,NON COKING,3791.97
2,"TSL,JSR",BLENDED PCI,2839.56
2,TATA METALLIKS ,OKEY NORTH,3797.8
2,"TSL,JSR",CP OMAN,3797.8
2,"TSL,JSR",CURRAGH SS/SS NEWZEALAND,3461.13
2,"TSL,HALDIA",CURRAGH PRIME/TECK COAL,3765.8
2,WCMIL,HARD COKING COAL,2462.01
2,JAL,STEAM NON COKING,3616.65
2,VEDANT ALUMINIUM,STEAM NON COKING,3842.02
2,SUPL,NON COKING,3815.86
2,BSL,COKING COAL,3376.55
2,"TSL,JSR",CURRAGH SS,3841.84
2,SUPL,NON COKING,3382.49
2,UML,SP LIMESTONE,3554.78
2,VISA STEEL,NON COKING,3707.5
2,"TSL,JSR",CURRAGH SS,2954
2,"TSL,JSR",CURRAGH SS,3592.54
2,"TSL,JSR",CURRAGH SS,3750.54
2,"TSL,HALDIA",TECK COAL,3870.22
2,"TSL,JSR",CURRAGH SS,3625.92
2,"TSL,JSR",CURRAGH SS,3530.34
2,"TSL,JSR",CURRAGH SS,3686.72
2,CONCAST INDIA LTD.,STEAM NON COKING,3533.54
2,JAL,STEAM NON COKING,3365.21
2,"UML,DGPR",HARD COKING COAL,3788.01
2,VEDANTA ALUMINIUM,STEAM NON COKING,2624.85
2,KOL,KOL / NC COAL,3796.99
2,"TSL,HALDIA",TECK COAL,3658.86
2,"TSL,JSR",CURRAGH SS,3728.12
2,"UML,DGPR",HARD COKING COAL,3542.74
2,BSL,COKING COAL,3622.41
2,WELLMAN,HARD COKING COAL,3789.51
2,JAL,STEAM NON COKING,3847.01
2,"TSL,HALDIA",TECK COAL,2976.14
2,"TSL,JSR",LIME STONE/CP OMAN,3840.28
2,"TSL,JSR",CURRAGH SS,3798.65
2,CESC POWER LTD.,NON COKING,3569.87
2,BSL,COKING COAL,3170
2,"TSL, JSR",CURRAGH SS,3630.47
2,"TSL,JSR",SS NEWZEALAND/PCI,3714.62
2,"TSL,JSR",ANTHRACITE/OKEY NORTH,3545.42
2,KOL,NC COAL,3520.33
2,BSL,COKING COAL,3764.95
2,JAL,STEAM NON COKING,3611.47
2,"TSL,JSR",SS NEWZEALAND,3846.95
2,CONCAST INDIA LTD.,STEAM NON COKING,3514.65
2,"UML,DGPR",HARD COKING COAL,3624.91
2,"UML,DGPR",HARD COKING COAL,3829.97
2,"TSL,JSR",CURRAGH SS,3100.58
2,"TSL,HALDIA",TECK COAL,3700.46
2,"TSL,JSR",CURRAGH SS,3324.97
2,"TSL,JSR",CURRAGH SS,3229.31
2,"TSL,JSR",CURRAGH SS,2638.04
2,TATA METALLIKS ,OKEY NORTH,3810.29
2,CESC POWER LTD.,NON COKING,3437.85
2,"TSL,HALDIA",TECK COAL,3644.28
2,VISA STEEL,NON COKING,3503.51
2,"TSL,JSR",CURRAGH SS,2675.64
2,"TSL,JSR",CURRAGH SS,3441.07
2,CESC POWER LTD.,NON COKING,3830.96
2,STARLITE ENERGY,STEAM NON COKING,3749.31
2,SUPL,NON COKING,3806.55
2,CONCAST INDIA LTD.,STEAM NON COKING,3826.3
2,"UML,DGPR",HARD COKING COAL,3697.69
2,"TSL,HALDIA",TECK COAL,3601.66
2,"TSL,JSR",CURRAGH SS,3811.2
2,JAL,STEAM NON COKING,3680.38
2,"TSL,JSR",CURRAGH SS,3818.99
2,JAL,STEAM NON COKING,3723.57
2,UML,HARD COKING COAL,3162.74
2,RCL,NON COKING,3578.62
2,"TSL,JSR",CURRAGH SS,3510.91
2,"UML,DGPR",HARD COKING COAL,3488.2
2,CESC POWER LTD.,NON COKING,2028.33
2,"UML,DGPR",COKING COAL,2900.24
3,"TSL,JSR",BLENDED PCI/CURRAGH SS,3491.54
3,"TSL,HALDIA",HAIL CREEK,3413.56
3,"TSL,JSR",TECK COAL,3686.07
3,BSL,Goonyella,3532.15
3,SUPL,NON COKING,3376.15
3,"TSL,JSR",BLENDED PCI,3771.66
3,"TSL,JSR",CURRAGH SS,3664.5
3,"TSL,HALDIA",HAIL CREEK,3749.11
3,UML,SP LIMESTONE,3804.53
3,SUPL,NON COKING,3873.78
3,"TSL,JSR",BLENDED PCI,3625.98
3,JAL,STEAM NON COKING,3685.75
3,"TSL,JSR",BELNDED PCI/CURRAGH SS,3393.63
3,"UML,DGPR",COKING COAL,3147.36
3,WELLMAN,COKING COAL,3809.2
3,"TSL,JSR",SS NEWZEALAND/TECK COAL,3679.11
3,JAL,STEAM NON COKING,3790.3
3,JAL,STEAM NON COKING,3505.14
3,"TSL,JSR",BLENDED PCI,3559.56
3,"UML,DGPR",COKING COAL,3625.48
3,"TSL,JSR",CURRAGH SS,3712.22
3,"TSL,JSR",SS NEWZEALAND,3590.72
3,"TSL,HALDIA",HAIL CREEK/KESTRAL,3632.12
3,"TSL,JSR",CURRAGH SS/ SS NEWZEALAND,3784.47
3,JAL,STEAM NON COKING,3450.73
3,BSL,STEAM NON COKING,3754.05
3,BEL,COKING COAL,3431.1
3,SUPL,NON COKING,3827.83
3,"TSL,JSR",BLENDED PCI,3678.56
3,SUPL,NON COKING,3706.19
3,BEL,COKING COAL,3648.01
3,"TSL,JSR",SS NEWZEALAND,3782.74
3,"TSL,JSR",CURRAGH SS/SS NEWZEALAND,3771.96
3,"TSL,HALDIA",CURRAGH PRIME,3732.13
3,BEL,COKING COAL,3749.03
3,"TSL,JSR",CURRAGH SS,3782.03
3,"TSL,JSR",BLENDED PCI,3537.31
3,"UML,DGPR",COKING COAL,3671.67
3,SUPL,NON COKING,3707.82
3,"TSL,HALDIA",CURRAGH HCC,3854.18
3,BEL,COLLINSVILLE,3675.68
3,"TSL,JSR",CURRAGH SS,3673.5
3,"TSL,JSR",SS Newzealand,3501.37
3,BSL,Gooniyella,3571.62
3,JAL,STEAM NON COKING,3732.92
3,BEL,COLLINSVILLE,3772.27
3,"TSL,JSR",CURRAGH SS,3466.59
3,JAL,NON COKING,3392.21
3,VISA STEEL,NON COKING,3765.95
3,BEL,COLLINSVILLE,3856.94
3,"TSL,JSR",CURRAGH SS,3596.77
3,"TSL,HALDIA",CURRAGH HCC,3639.66
3,BEL,COLLINSVILLE,3770.32
3,BEL,COLLINSVILLE,3418.79
3,SUPL,NON COKING,3853.53
3,"UML,DGPR",COKING COAL,3804.26
3,JAL,NON COKING,3482.32
3,STARLITE ENERGY,STEAM NON COKING,3502.93
3,UML,SP LIMESTONE,3702.73
3,BEL,COLLINSVILLE,3068.93
3,"TSL,JSR",CURRAGH SS,3811.81
3,"TSL,JSR",BLENDED PCI,3696.43
3,"TSL,JSR",SS NEWZEALAND,3743.14
3,"TSL,HALDIA",OKEY NORTH,3443.58
3,SUPL,NON COKING,3775.88
3,"UML,DGPR",COKING COAL,3840.23
3,CESC POWER LTD.,NON COKING,3488.37
3,BEL,COLLINSVILLE,3727.62
3,BSL,Gooniyella,3816.68
3,"TSL,JSR",CURRAGH SS,3770.22
3,BEL,COLLINSVILLE,3743.14
3,"TSL,JSR",CURRAGH SS/TECK COAL,3443.58
3,"TSL,HALDIA",CURRAGH HCC,3485.12
3,BSL,Gooniyella,3775.88
3,SUPL,NON COKING,3830.89
3,"UML,DGPR",COKING COAL,3828.17
3,CESC POWER LTD.,NON COKING,2724.21
3,"TSL,JSR",CP OMAN,3663.08
3,"TSL,JSR",CURRAGH SS/SS NEWZEALAND,3667.28
3,STARLITE ENERGY,STEAM NON COKING,3798.92
3,SUPL,NON COKING,3761.18
3,"TSL,JSR",CP OMAN,3758.65
3,"TSL,HALDIA",CURRAGH HCC,3789.45
3,"TSL,JSR",CURRAGH SS,3758.09
3,STARLITE ENERGY,STEAM NON COKING,3716.83
3,KOL,STEAM NON COKING,3732.77
3,BEL,COLLINSVILLE,3829.91
3,STARLITE ENERGY,STEAM NON COKING,3836.87
3,"TSL,HALDIA",CURRAGH HCC,3741.34
3,"TSL,JSR",CP OMAN,3814.17
3,RCL,NON COKING,3160.84
3,BEL,COLLINSVILLE,3807.49
3,CONCAST INDIA LTD.,NON COKING,3647.98
3,"TSL,JSR",CP OMAN,3836.48
3,"TSL,JSR",CURRAGH SS/SS NEWZEALAND,3397.52
3,BEL,COLLINSVILLE,3835.66
3,JAL,STEAM NON COKING,3853.74
3,STARLITE ENERGY,STEAM NON COKING,3778.32
3,BEL,COLLINSVILLE,3804.23
3,UML,SP LIMESTONE,3569.22
3,SUPL,NON COKING,3205.71
3,"UML,DGPR",GYP COKING COAL,3886.3
3,BENGAL ENERGY,COLLINSVILLE,3640.4
3,VEDANT ALUMINIUM,STEAM NON COKING,3793.4
3,"TSL,HALDIA",CURRAGH PRIME,3732.94
3,"TSL,JSR",CP OMAN,3656.04
3,"TSL,JSR",CURRAGH SS/SS NEWZEALAND,3758
3,SUPL,NON COKING,3721.49
3,"TSL,JSR",CP OMAN,3708.65
3,"TSL,JSR",CURRAGH SS/SS NEWZEALAND,3756.04
3,BSL,Gooniyella,3697.26
3,VRIL,NON COKING,3909.75
3,KOL,STEAM NON COKING,3391.41
3,"UML,DGPR",GYP COKING COAL,3782.57
3,VISA STEEL,NON COKING,3879.2
3,BEL,LOW VOLATILE COAL,3382.3
3,KOL,STEAM NON COKING,3849.91
3,VRIL,NON COKING,3703.28
3,WELLMAN,HARD COKING COAL,2156
3,"TSL,JSR",CURRAGH SS/SS NEWZEALAND,3760.28
3,CESC POWER LTD.,NON COKING,3532.62
3,BEL,LOW VOLATILE COAL,3704.31
3,JAL,STEAM NON COKING,3452.04
3,KOL,STEAM NON COKING,3644.98
3,VEDANT ALUMINIUM,STEAM NON COKING,3484
3,JAL,STEAM NON COKING,3130.1
3,"TSL,HALDIA",CURRAGH PRIME,3778.42
3,"TSL,JSR",CURRAGH SS,3246.07
3,"TSL,JSR",CP OMAN,3511.67
3,"UML,DGPR",GYP COKING COAL,3484.05
3,BEL,LOW VOLATILE COAL,3444.79
3,KOL,STEAM NON COKING,3379.96
3,JAL,STEAM NON COKING,3588.7
3,"TSL,JSR",CURRAGH SS,3769.27
3,STARLITE ENERGY,STEAM NON COKING,3679.64
3,BSL,Goonyella,1961.32
3,"TSL,JSR",CURRAGH SS/SS NEWZEALAND,3581.26
3,"TSL,JSR",CURRAGH SS,3831.42
3,"TSL,HALDIA",CURRAGH PRIME/OKEY NORTH,3609.29
3,STARLITE ENERGY,STEAM NON COKING,3419.15
3,"TSL,JSR",CP OMAN,3909.61
3,SUPL,NON COKING,3541.5
3,BSL,Goonyella,3710.24
3,VISA RESOURCES,NON COKING,3695.77
3,BSL,Goonyella,3834.69
3,"TSL,JSR",CP OMAN,3405.41
3,"TSL,HALDIA",OKEY NORTH/KESTRAL,3504.92
3,"TSL,JSR",CURRAGH SS,3801.56
3,VISA RESOURCES,NON COKING,3485.32
3,SUPL,NON COKING,3574.88
3,"TSL,JSR",HAIL CREEK,3714.59
3,"TSL,JSR",CP OMAN,3635.85
3,BSL,Goonyella,3576.54
3,"TSL,JSR",CURRAGH SS/SS NEWZEALAND,3469.2
3,"UML,DGPR",GYP COKING COAL,3830.49
3,"UML,DGPR",GYP COKING COAL,3658.13
3,STARLITE ENERGY,STEAM NON COKING,3413.61
3,VISA STEEL,NON COKING,3410.17
3,STERLITE ENERGY,STEAM NON COKING,3542.79
3,"TSL,JSR",CURRAGH SS,3695.24
3,VISA STEEL,NON COKING,3183.13
3,"TSL,HALDIA",OKEY NORTH/KESTRAL,3739.39
3,"TSL,JSR", OKEY NORTH ,3541.7
3,STERLITE ENERGY,STEAM NON COKING,3579.96
3,BEL,COLLINSVILLE,3710.93
3,UML,CP Oman,3686.62
3,"TSL,JSR",Okey North,3480.79
3,"TSL,JSR",CP Oman,3469.24
3,"TSL,JSR",CURRAGH SS/Hail Creek,3698.91
3,"TSL,HALDIA",Okey North/Hail Creek,3458.93
3,BEL,WOLLOMBI,3700.91
3,BSL,Goonyella,3502.93
4,"TSL,JSR",Okey North,3529.06
4,JAL,STEAM NON COKING/NON COKING,3342.98
4,JAL,STEAM NON COKING,3714.38
4,"TSL,JSR",PCI,3592.75
4,"TSL,JSR",PCI/SS Newzealand,3595.17
4,JAL,STEAM NON COKING,3622.26
4,"UML,DGPR",GYP COKING COAL,2993.89
4,"UML,DGPR",GYP COKING COAL,3681.27
4,BEL,WOLLOMBI/COLLINSVILLE,3893.3
4,BSL,Goonyella,3468.31
4,TATA METALLICKS,Okey North,3688.81
4,"TSL,JSR",CP Oman,3587.56
4,"TSL,JSR",CURRAGH SS,3752.61
4,WELLMAN,Hard Coking Coal,3673.32
4,BEL,WOLLOMBI,3524.15
4,KOL,NON COKING,3672.53
4,SUPL,NON COKING,3771.48
4,"TSL,JSR",PCI,3764.51
4,BSL,CAROBOROUGH/WOLLOMBI,3717.95
4,KOL,STEAM NON COKING,3488.9
4,"TSL,JSR",PCI,3571.29
4,WELLMAN,Hard Coking Coal,3687.23
4,"TSL,JSR",CP Oman,3585.4
4,"TSL,HALDIA",Hail Creek,3443.13
4,VISA STEEL,NON COKING,3713.35
4,BEL,LOW VOLATILE COAL,2600.8
4,"TSL,HALDIA",OKEY NORTH,3766.71
4,"TSL,JSR",HAIL CREEK/CURRAGH SS,3699.01
4,"TSL,JSR",BLENDED PCI,3272.13
4,CONCAST INDIA LTD.,NON COKING,3715.37
4,BSL,Goonyella,3337.35
4,UML,SP LIMESTONE,3639.06
4,VISA STEEL,NON COKING,3789.63
4,"TSL,JSR",BLENDED PCI,3427.07
4,SUPL,NON COKING,3463.03
4,"TSL,JSR",CP Oman/CURRAGH SS,3598.44
4,"TSL,JSR",BLENDED PCI,3272.13
4,BEL,Hard Coking Coal,3786.98
4,BEL,Hard Coking Coal,3658.49
4,"TSL,JSR",CURRAGH SS/Hail Creek,3642.24
4,"TSL,HALDIA",Hail Creek/OKEY NORTH,3562.36
4,"UML,DGPR",Coking Coal,3329.93
4,VISA STEEL,NON COKING,3637.06
4,BEL,Hard Coking Coal,3459.07
4,BEL,Hard Coking Coal,3830.24
4,Hind Energy,Steam Coal,3273.16
4,SUPL,NON COKING,2985.43
4,"TSL,JSR",Hail Creek/OKEY NORTH,3822.17
4,Maithon Ispat Ltd,STEAM COAL,3655.44
4,STERLITE ENERGY,STEAM COAL,3537.08
4,BEL,Hard Coking Coal,3716.55
4,BSL,Goonyella,3806.91
4,Hind Energy,Steam Coal,3400.13
4,STERLITE ENERGY,STEAM NON COKING,3729.18
4,BSL,Goonyella,3681.99
4,Hind Energy,Steam Coal,3734.54
4,Maithon Ispat Ltd,STEAM NON COKING,3701.41
4,CONCAST INDIA LTD.,NON COKING,3580.84
4,"TSL,JSR",CURRAGH SS/SS Newzealand,3624.36
4,JAL,NON COKING,3292.12
4,STERLITE ENERGY,STEAM NON COKING,3478.65
4,VEDANTA ALUMINIUM,NON COKING,3713.13
4,"TSL,HALDIA",OKEY NORTH/CURRAGH SS,3609.47
4,BSL,Goonyella,3749.3
4,UML,CP Dubai,3575.04
4,VEDANTA ALUMINIUM,NON COKING,3427.35
4,"UML,DGPR",GYP COKING COAL,3084.2
4,"TSL,HALDIA",Okey North/Hail Creek,3610.6
4,JAL,STEAM NON COKING,3763.39
4,Hind Energy,Steam Coal,3797.41
4,JAL,STEAM NON COKING,3591.89
4,Hind Energy,Steam Coal,3800.1
4,"TSL,JSR",CP OMAN,3456.1
4,"TSL,JSR",CP OMAN,3628.41
4,CONCAST INDIA LTD.,NON COKING,3405.4
4,"TSL,JSR",S S Newzealand/Curragh SS/Hail Creek,3581.62
4,SUPL,NON COKING,3132.48
4,"TSL,HALDIA",Hail Creek/ Oaky North,3401.18
4,"TSL,JSR",SS Newzealand,3596.9
4,"TSL,JSR",CP Oman,3485.02
4,Adhunik Metallics,NON COKING,3385.33
4,VISA STEEL,NON COKING,3573.05
4,"UML,DGPR",Coking Coal,3683.21
4,"TSL,JSR",CP Oman,3723.89
4,SUPL,NON COKING,3541.58
4,"TSL,JSR",Hail Creek/OKEY NORTH,3579.88
4,RCL,NON COKING,3377.94
4,VISA STEEL,NON COKING,3807.58
4,RCL,NON COKING,3495.75
4,"TSL,JSR",CP Oman,3554.71
4,RCL,NON COKING,3235.47
4,"TSL,JSR",CP Oman/SS Newzealand,3203.25
4,RCL,NON COKING,3633
4,VISA STEEL,NON COKING,3635.67
4,RCL,NON COKING,3695.16
4,BEL,COLLINSVILLE,3846.71
4,"TSL,JSR",CURRAGH SS,3748.88
4,RCL,NON COKING,3789.44
4,"TSL,JSR",CURRAGH SS,3710.12
4,BEL,CARROBOROUGH,3335.41
4,"TSL,HALDIA",Hail Creek/ Oaky North,3422.33
4,RCL,NON COKING,3746.23
4,STERLITE ENERGY,NON COKING,3636.48
4,UML,SP LIMESTONE/GYP COKING COAL,3553.39
4,"TSL,JSR",CURRAGH SS,3783.99
4,BEL,Hard Coking Coal,3853.32
4,UML,Coking Coal,3576.18
4,VISA STEEL,NON COKING,3575.03
4,Adani Enterprises,Steam Coal,3447.67
4,Adani Enterprises,Steam Coal,3748.38
4,Adhunik Metallics,NON COKING,3721.23
4,KOL,Steam Coal,3659.2
4,STERLITE ENERGY,NON COKING,3449.51
4,Adani Enterprises,Steam Coal,3741.12
4,Adani Enterprises,Steam Coal,3651.39
4,"TSL,JSR",Curragh SS,3655.29
4,BEL,WOLLOMBI/CAROBOROUGH,3833.82
4,JAL,Steam Coal,3556.72
4,STERLITE ENERGY,NON COKING,3294.84
4,"TSL,JSR",Curragh SS,3641.32
4,BEL,WOLLOMBI,3684.42
4,"TSL,HALDIA",Okey North/Hail Creek,3466.95
4,"TSL,JSR",Curragh SS,3698.21
4,"TSL,JSR",Mitred PCI/Okey North,3471.95
4,STERLITE ENERGY,NON COKING,3562.01
4,Hind Energy,Steam Coal,3753.89
4,BSL,Goonyella,3625.48
4,"TSL,JSR",SS Newzealand/Curragh SS,3157
4,"TSL,HALDIA",Curragh HCC/Okey North,3646.86
4,"UML,DGPR",GYP COKING COAL,3549.08
4,VISA STEEL,NON COKING,3429.96
4,VISA STEEL,NON COKING,3588.47
4,VISA STEEL,NON COKING,3648.81
4,"TSL,JSR",Curragh SS,3143.79
4,"TSL,JSR",BLENDED PCI,3614.27
4,KOL,Steam Coal,3592.05
4,SUPL,NON COKING,3162.54
4,BEL,COLLINSVILLE,3780.45
4,STERLITE ENERGY,NON COKING,2671.45
4,Adani Enterprises,NON COKING,3398.45
4,BEL,Coking Coal,3576.59
4,VISA STEEL,NON COKING,3714.74
4,BEL,Coking Coal,3675.01
4,Adani Enterprises,Steam Coal,3745.44
4,"TSL,JSR",Curragh SS,3377.47
4,Adani Enterprises,Steam Coal,3828.33
4,VISA STEEL,NON COKING,3931.38
4,"TSL,JSR",BLENDED PCI/CURRAGH SS,2808.46
4,STERLITE ENERGY,NON COKING,3809.95
4,BEL,CARROBOROUGH,3576.69
4,Adani Enterprises,Steam Coal,3332.52
4,"TSL,JSR",CURRAGH SS,3604.48
4,Adani Enterprises,Steam Coal,3633.42
4,VISA STEEL,NON COKING,3338.44
4,BSL,Goonyella,3238.7
4,"TSL,HALDIA",OKey North/CURRAGH HCC,3298.23
4,WELLMAN,Hard Coking Coal,3684.52
4,VEDANTA ALUMINIUM,NON COKING,3696.61
4,VISA STEEL,NON COKING,3466.51
4,"TSL,JSR",CURRAGH SS,3838.9
4,SUPL,NON COKING,3442.24
4,SUPL,NON COKING,3388.23
4,BEL,Coking Coal,2888.79
4,KOL,Steam Coal,3447.71
4,VISA STEEL,NON COKING,3730.91
4,VEDANTA ALUMINIUM,NON COKING,3465.53
4,"TSL,HALDIA",Curragh HCC/Okey North,3574.19
4,VISA STEEL,NON COKING,3324.34
4,CONCAST INDIA LTD.,NON COKING,3369.28
4,UML,NON COKING,3441.18
4,BEL,CARROBOROUGH/WOLLOMBI,2728.86
4,"TSL,JSR",CURRAGH SS,3657.1
4,SUPL,NON COKING,3609.08
4,"UML,DGPR",GYP COKING COAL,3380.88
4,"TSL,JSR",CURRAGH SS/BLENDED PCI,3696.82
4,BEL,WOLLOMBI,3758.88
4,SUPL,NON COKING,3728.82
4,VISA STEEL,NON COKING,3709.47
5,VISA STEEL,NON COKING,3731.6
5,"TSL,JSR",CURRAGH SS/BLENDED PCI,3805.05
5,SUPL,NON COKING,3418.05
5,"TSL,JSR",SS Newzealand,3764.86
5,JAL,Steam Coal,3621.57
5,SHYAM STEEL,NON COKING,3663.41
5,BSL,POITREL,3028.19
5,UML,NON COKING,3716.86
5,"TSL,JSR",BLENDED PCI,3792.43
5,CONCAST INDIA LTD.,NON COKING,3761.38
5,WELLMAN,TECK COAL,3653.37
5,JAL,Steam Coal,3634.41
5,Adhunik Alloys,NON COKING,3670.5
5,"UML,DGPR",GYP COKING COAL,3735.86
5,SUPL,NON COKING,3723.08
5,"TSL,JSR",SS NEWZEALAND/MITRADE PCI,3720.35
5,SUPL,NON COKING,3510.72
5,RCL,NON COKING,3646.66
5,Adani Enterprises,Steam Coal,3262.48
5,"TSL,JSR",Curragh SS,2976.66
5,Adani Enterprises,Steam Coal,3519.57
5,SHYAM STEEL,NON COKING,3523.96
5,Maithon Ispat Ltd,NON COKING,3232.72
5,VISA STEEL,NON COKING,3635.73
5,Adani Enterprises,Steam Coal,3515.08
5,"TSL,JSR",SS Newzealand/Blended PCI,3384.52
5,Maithon Ispat Ltd,NON COKING,3774.59
5,"TSL,HALDIA",Curragh HCC/Okey North,3590.81
5,BEL,CARROBOROUGH,3484.75
5,Hindalco India Ltd.,NON COKING,3752.4
5,"TSL,JSR",SS Newzealand/Blended PCI,3572.56
5,VISA STEEL,NON COKING,3616
5,Adani Enterprises,Steam Coal,3640.5
5,RCL,NON COKING,3372.28
5,VISA STEEL,NON COKING,3349.09
5,"TSL,JSR",BLENDED PCI,3260.3
5,"TSL,JSR",SS NEWZEALAND/CURRAGH HCC,3372.75
5,SUPL,NON COKING,3237.02
5,BEL,WOLLOMBI,3698.81
5,SUPL,NON COKING,3344.4
5,SUPL,NON COKING,3486.05
5,WELLMAN,TECK COAL,3668.93
5,"TSL,JSR",SS Newzealand,3443.46
5,"UML,DGPR",GYP COKING COAL,3734.5
5,BSL,Goonyella,3694.05
5,"TSL,JSR",SS Newzealand/Blended PCI,3461.47
5,"TSL,JSR",Blended PCI/CURRAGH HCC,3321.98
5,VISA STEEL,NON COKING,3520
5,Hindalco India Ltd.,NON COKING,3663.67
5,VISA STEEL,NON COKING,3639.56
5,"UML,DGPR",GYP Coking Coal,3784.48
5,SUPL,SS NEWZEALAND,3515.45
5,VISA STEEL,NON COKING,3654.32
5,"TSL,JSR",BLENDED PCI,3467.85
5,KOL,Steam Coal,3783.18
5,SUPL,NON COKING,3733.67
5,SUPL,NON COKING,3439.07
5,BSL,Goonyella,3625.38
5,"TSL,JSR",Blended PCI/ SS NewZealand,3389.63
5,VISA STEEL,NON COKING,3119.39
5,Adhunik Metallics,NON COKING,3645.87
5,"TSL,HALDIA",CURRAGH HCC,3755.09
5,Adani Enterprises,NON COKING,3747.44
5,BSL,Goonyella,3385.98
5,WELLMAN,TECK COAL,3657.27
5,Adani Enterprises,NON COKING,3504.02
5,"UML,DGPR",GYP COKING COAL,3712.03
5,"TSL,JSR",CP Dubai,3510.87
5,SUPL,NON COKING,2540.71
5,STERLITE ENERGY,NON COKING,3143.79
5,SUPL,NON COKING,3596.86
5,Adani Enterprises,NON COKING,3733.85
5,OCL,NON COKING,3678.77
5,UML,NON COKING,3681.63
5,SUPL,NON COKING,3673.65
5,KOL,NON COKING,3202
5,Adani Enterprises,NON COKING,3357.14
5,BEL,CARROBOROUGH/WOLLOMBI,3294.33
5,SUPL,NON COKING,3551.61
5,"TSL,JSR",CP Dubai,3465.51
5,"TSL,JSR",CURRAGH SS/BLENDED PCI,3591.61
5,Adani Enterprises,NON COKING,3497.53
5,"TSL,JSR",Blended PCI/CURRAGH HCC,3541.54
5,OCL,NON COKING,3823.07
5,BSL,Goonyella,3743.81
5,SUPL,NON COKING,3382.85
5,"TSL,HALDIA",CURRAGH SS,3171.98
5,KOL,NON COKING,3607.53
5,"TSL,JSR",CP Dubai/ CURRAGH SS,3297.15
5,SUPL,NON COKING,3410.36
5,Adani Enterprises,NON COKING,3619.85
5,BSL,POITREL,3440.11
5,VISA STEEL,NON COKING,3647.71
5,WELLMAN,Hard Coking Coal,3676.28
5,KOL,NON COKING,3718.84
5,OCL,NON COKING,3690.32
5,SHYAM STEEL,NON COKING,3571.37
5,AMBUJA CEMENTS,NON COKING,3627.87
5,BEL,WOLLOMBI,3641.3
5,Adani Enterprises,NON COKING,3338.75
5,AMBUJA CEMENTS,NON COKING,3741.64
5,"TSL,JSR",NEWZEALAND/PCI,3544.27
5,Adani Enterprises,NON COKING,3613.73
5,"UML,DGPR",Coking Coal,3641.3
5,KOL,NON COKING,3445.09
5,ACC Cements,NON COKING,3506.41
5,VISA RESOURCES,NON COKING,3783.69
5,WELLMAN,TECK COAL,3284.74
5,AMBUJA CEMENTS,NON COKING,3478.43
5,"TSL,HALDIA",CURRAGH SS,3613.73
5,SUPL,NON COKING,3728.09
5,BEL,NON COKING,3445.09
5,Adani Enterprises,NON COKING,3370.18
5,VISA RESOURCES,NON COKING,3683.25
5,"TSL,JSR",BLENDED PCI/HCC CURRAGH PRIME/PCI JELLINABAH,3474.62
5,ACC Cements,NON COKING,3611.22
5,BEL,COLLINSVILLE,3677.29
5,Adani Enterprises,NON COKING,3658.07
5,VISA RESOURCES,NON COKING,3557.15
5,CONCAST INDIA LTD.,NON COKING,3288.26
5,"UML,DGPR",GYP COKING COAL,3730.88
5,"TSL,JSR",CURRAGH HCC/BLENDED PCI,3493.26
5,CONCAST INDIA LTD.,NON COKING,3367.14
5,Hind Energy,Steam Coal,3656.38
5,OCL,NON COKING,3690.04
5,KOL,NON COKING,3554.18
5,Adani Enterprises,Steam Coal,3559.21
5,Hindalco India Ltd.,Steam Coal,3330.06
5,"TSL,JSR",SS NEWZEALAND/MITRADE PCI,3599.11
5,Adani Enterprises,Steam Coal,3741.49
5,ACC Cements,NON COKING,3461.41
5,"TSL,HALDIA",CURRAGH HCC,3723.89
5,CONCAST INDIA LTD.,NON COKING,3398.65
5,"TSL,JSR",JELLINBAH PCI/CURRAGH HCC,3433.62
5,Hindalco India Ltd.,Steam Coal,3493.3
5,Adani Enterprises,Steam Coal,3646.87
5,SUPL,NON COKING,3704.73
5,KOL,Steam Coal,3310.51
5,Adani Enterprises,Steam Coal,3783.2
5,"TSL,JSR",JELLINBAH PCI,3605.67
5,"TSL,JSR",JELLINBAH PCI/SS NEWZEALAND,3464.52
5,Adani Enterprises,Steam Coal,3470.68
5,VISA RESOURCES,NON COKING,3432.15
5,Adani Enterprises,Steam Coal,3655.41
5,SHYAM STEEL,NON COKING,3455.37
5,ROHIT FERROTECH,NON COKING,3644.64
5,"TSL,JSR",JELLINBAH PCI/CURRAGH HCC,3605.67
5,Adani Enterprises,Steam Coal,3464.52
5,VISA RESOURCES,NON COKING,3470.68
5,UML,NON COKING,3432.15
5,"TSL,JSR",JELLINBAH PCI,3655.41
5,SHYAM STEEL,NON COKING,3455.37
5,ROHIT FERROTECH,NON COKING,3644.64
5,Adani Enterprises,Steam Coal,3490.74
5,OCL,NON COKING,3714.51
5,Maithon Ispat Ltd,NON COKING,3683.06
5,"TSL,JSR",JELLINBAH PCI/CURRAGH HCC,3259.62
5,"TSL,JSR",CURRAGH SS,2018.75
5,BEL,CARROBOROUGH,3708.54
5,STERLITE ENERGY,Steam Coal,3590.53
5,Adani Enterprises,Steam Coal,3539.57
5,"TSL,JSR",CURRAGH SS,3682.16
5,"TSL,JSR",CURRAGH SS,3377.89
5,AMBUJA CEMENTS,NON COKING,3505.1
5,"TSL,JSR",CURRAGH SS,3550.08
5,RCL,NON COKING,3824.13
5,"TSL,JSR",CURRAGH SS,3680.06
5,VISA RESOURCES,NON COKING,3754.56
5,BEL,CARROBOROUGH,3381.4
5,Adani Enterprises,Steam Coal,3508.66
5,Adani Enterprises,Steam Coal,3412.43
5,STERLITE ENERGY,NON COKING,3776.29
5,Adani Enterprises,Steam Coal,3660.24
5,VISA RESOURCES,NON COKING,3212.83
5,Adhunik Alloys,NON COKING,3458.44
5,"TSL,JSR",JELLINBAH PCI/CURRAGH HCC,3408.65
5,Adani Enterprises,Steam Coal,3662.81
